<configuration>

  <appender name="FILE" class="ch.qos.logback.core.FileAppender">
    <file>output.log</file>
    <encoder>
      <pattern>%d [%thread] %-5level %logger{36} - %msg%n</pattern>
    </encoder>
  </appender>

  <logger name="org.communinet.billing" level="INFO"/>

  <!-- Strictly speaking, the level attribute is not necessary since -->
  <!-- the level of the root level is set to DEBUG by default.       -->
  <root level="INFO">          
    <appender-ref ref="FILE" />
  </root>  
  
</configuration>